{
  "errors": [],
  "statistics": [
    {
      "owner": "errorJson",
      "description": "New adapter errors available for use",
      "value": 0
    },
    {
      "owner": "errorJson",
      "description": "Adapter errors no longer available for use",
      "value": 0
    },
    {
      "owner": "errorJson",
      "description": "Adapter errors that have been updated (e.g. recommendation changes)",
      "value": 31
    },
    {
      "owner": "packageJson",
      "description": "Number of production dependencies",
      "value": 16
    },
    {
      "owner": "packageJson",
      "description": "Number of development dependencies",
      "value": 6
    },
    {
      "owner": "packageJson",
      "description": "Number of npm scripts",
      "value": 21
    },
    {
      "owner": "packageJson",
      "description": "Runtime Library dependency",
      "value": "^5.5.0"
    },
    {
      "owner": "propertiesSchemaJson",
      "description": "Adapter properties defined in the propertiesSchema file",
      "value": 78
    },
    {
      "owner": "markdown",
      "description": "Number of lines in the README.md",
      "value": 344
    },
    {
      "owner": "markdown",
      "description": "Number of lines in the SUMMARY.md",
      "value": 9
    },
    {
      "owner": "markdown",
      "description": "Number of lines in the PROPERTIES.md",
      "value": 647
    },
    {
      "owner": "markdown",
      "description": "Number of lines in the TROUBLESHOOT.md",
      "value": 48
    },
    {
      "owner": "markdown",
      "description": "Number of lines in the ENHANCE.md",
      "value": 70
    },
    {
      "owner": "markdown",
      "description": "Number of lines in the BROKER.md",
      "value": 70
    },
    {
      "owner": "unitTestJS",
      "description": "Number of lines of code in unit tests",
      "value": 5404
    },
    {
      "owner": "unitTestJS",
      "description": "Number of unit tests",
      "value": 329
    },
    {
      "owner": "integrationTestJS",
      "description": "Number of lines of code in integration tests",
      "value": 3837
    },
    {
      "owner": "integrationTestJS",
      "description": "Number of integration tests",
      "value": 117
    },
    {
      "owner": "staticFile",
      "description": "Number of lines of code in adapterBase.js",
      "value": 1453
    },
    {
      "owner": "staticFile",
      "description": "Number of static files added",
      "value": 36
    },
    {
      "owner": "Overall",
      "description": "Total lines of Code",
      "value": 10694
    },
    {
      "owner": "Overall",
      "description": "Total Tests",
      "value": 446
    },
    {
      "owner": "Overall",
      "description": "Total Files",
      "value": 6
    }
  ]
}