{
  "id": "Adapter-nokia_nsp_network_management",
  "type": "NokiaNspNetworkManagement",
  "properties": {
    "host": "localhost",
    "port": 443,
    "choosepath": "",
    "base_path": "/",
    "version": "",
    "cache_location": "none",
    "encode_pathvars": false,
    "encode_queryvars": true,
    "save_metric": false,
    "stub": true,
    "protocol": "https",
    "authentication": {
      "auth_method": "request_token",
      "username": "username",
      "password": "password",
      "token": "token",
      "token_timeout": 600000,
      "token_cache": "local",
      "invalid_token_error": 401,
      "auth_field": "header.headers.Authorization",
      "auth_field_format": "Bearer {token}",
      "auth_logging": false,
      "client_id": "",
      "client_secret": "",
      "grant_type": "client_credentials",
      "sensitive": [],
      "multiStepAuthCalls": [
        {
          "name": "",
          "requestFields": {},
          "responseFields": {},
          "successfullResponseCode": 200
        }
      ],
      "sso": {
        "protocol": "",
        "host": "",
        "port": 0
      }
    },
    "healthcheck": {
      "type": "none",
      "frequency": 60000,
      "query_object": {},
      "addlHeaders": {}
    },
    "throttle": {
      "throttle_enabled": false,
      "number_pronghorns": 1,
      "sync_async": "sync",
      "max_in_queue": 1000,
      "concurrent_max": 1,
      "expire_timeout": 0,
      "avg_runtime": 200,
      "priorities": [
        {
          "value": 0,
          "percent": 100
        }
      ]
    },
    "request": {
      "number_redirects": 0,
      "number_retries": 3,
      "limit_retry_error": [
        0
      ],
      "failover_codes": [],
      "attempt_timeout": 5000,
      "global_request": {
        "payload": {},
        "uriOptions": {},
        "addlHeaders": {},
        "authData": {}
      },
      "healthcheck_on_timeout": true,
      "return_raw": false,
      "archiving": false,
      "return_request": false
    },
    "proxy": {
      "enabled": false,
      "host": "",
      "port": 1,
      "protocol": "http",
      "username": "",
      "password": ""
    },
    "ssl": {
      "ecdhCurve": "",
      "enabled": false,
      "accept_invalid_cert": false,
      "ca_file": "",
      "key_file": "",
      "cert_file": "",
      "secure_protocol": "",
      "ciphers": ""
    },
    "mongo": {
      "host": "",
      "port": 0,
      "database": "",
      "username": "",
      "password": "",
      "replSet": "",
      "db_ssl": {
        "enabled": false,
        "accept_invalid_cert": false,
        "ca_file": "",
        "key_file": "",
        "cert_file": ""
      }
    },
    "devicebroker": {
      "enabled": false,
      "getDevice": [
        {
          "path": "/not/mapped",
          "method": "GET",
          "query": {},
          "body": {},
          "headers": {},
          "handleFailure": "ignore",
          "requestFields": {
            "insample": "{port}"
          },
          "responseDatakey": "",
          "responseFields": {
            "name": "{this}{||}{that}",
            "ostype": "{osfield}",
            "ostypePrefix": "meraki-",
            "port": "{port}",
            "ipaddress": "{ip_addr}",
            "serial": "{serial}"
          }
        }
      ],
      "getDevicesFiltered": [
        {
          "path": "/not/mapped",
          "method": "GET",
          "pagination": {
            "offsetVar": "",
            "limitVar": "",
            "incrementBy": "limit",
            "requestLocation": "query"
          },
          "query": {},
          "body": {},
          "headers": {},
          "handleFailure": "ignore",
          "requestFields": {},
          "responseDatakey": "",
          "responseFields": {
            "name": "{this}{||}{that}",
            "ostype": "{osfield}",
            "ostypePrefix": "meraki-",
            "port": "{port}",
            "ipaddress": "{ip_addr}",
            "serial": "{serial}",
            "id": "{myid}"
          }
        }
      ],
      "isAlive": [
        {
          "path": "/not/mapped/{devID}",
          "method": "GET",
          "query": {},
          "body": {},
          "headers": {},
          "handleFailure": "ignore",
          "requestFields": {
            "devID": "{id}"
          },
          "responseDatakey": "",
          "responseFields": {
            "status": "return2xx",
            "statusValue": "AD.200"
          }
        }
      ],
      "getConfig": [
        {
          "path": "/not/mapped/{devID}",
          "method": "GET",
          "query": {},
          "body": {},
          "headers": {},
          "handleFailure": "ignore",
          "requestFields": {
            "devID": "{id}"
          },
          "responseDatakey": "",
          "responseFields": {}
        }
      ],
      "getCount": [
        {
          "path": "/not/mapped",
          "method": "GET",
          "query": {},
          "body": {},
          "headers": {},
          "handleFailure": "ignore",
          "requestFields": {},
          "responseDatakey": "",
          "responseFields": {}
        }
      ]
    },
    "cache": {
      "enabled": false,
      "entities": [
        {
          "entityType": "device",
          "frequency": 3600,
          "flushOnFail": false,
          "limit": 10000,
          "retryAttempts": 5,
          "sort": true,
          "populate": [
            {
              "path": "/not/mapped",
              "method": "GET",
              "pagination": {
                "offsetVar": "",
                "limitVar": "",
                "incrementBy": "limit",
                "requestLocation": "query"
              },
              "query": {},
              "body": {},
              "headers": {},
              "handleFailure": "ignore",
              "requestFields": {},
              "responseDatakey": "",
              "responseFields": {
                "name": "{this}{||}{that}",
                "ostype": "{osfield}",
                "ostypePrefix": "meraki-",
                "port": "{port}",
                "ipaddress": "{ip_addr}",
                "serial": "{serial}",
                "id": "{myid}"
              }
            }
          ],
          "cachedTasks": [
            {
              "name": "",
              "filterField": "",
              "filterLoc": ""
            }
          ]
        }
      ]
    }
  },
  "groups": [],
  "brokers": [],
  "logLevel": "none",
  "timeout": 120000
}