{
  "constructor": -1,
  "healthCheck": 0,
  "iapGetAdapterWorkflowFunctions": 0,
  "iapUpdateAdapterConfiguration": 0,
  "iapSuspendAdapter": 0,
  "iapUnsuspendAdapter": 0,
  "iapGetAdapterQueue": 0,
  "iapFindAdapterPath": 0,
  "iapTroubleshootAdapter": 0,
  "iapRunAdapterHealthcheck": 0,
  "iapRunAdapterConnectivity": 0,
  "iapRunAdapterBasicGet": 0,
  "iapMoveAdapterEntitiesToDB": 0,
  "iapDeactivateTasks": 0,
  "iapActivateTasks": 0,
  "iapPopulateEntityCache": 0,
  "iapRetrieveEntitiesCache": 0,
  "hasEntities": 0,
  "getDevice": 0,
  "getDevicesFiltered": 0,
  "isAlive": 0,
  "getConfig": 0,
  "iapGetDeviceCount": 0,
  "iapExpandedGenericAdapterRequest": 0,
  "genericAdapterRequest": 0,
  "genericAdapterRequestNoBasePath": 0,
  "iapRunAdapterLint": 0,
  "iapRunAdapterTests": 0,
  "iapGetAdapterInventory": 0,
  "retrieveNetworkInterfaces": 0,
  "retrieveNetworkInterfacesConfig": 0,
  "retrieveNetworkSubInterfaces": 0,
  "retrieveNetworkSubInterfacesConfig": 0,
  "retrieveNetworkSubInterfacesState": 0,
  "retrieveNetworkInterfacesUnnumbered": 0,
  "retrieveNetworkInterfacesUnnumberedIntf": 0,
  "retrieveNetworkInstance": 0,
  "retrieveResyncPolicyNodeVersionEntity": 0,
  "createUsingIntent": 0,
  "synchronizeIntent": 0,
  "getIntent": 0,
  "modifyIntent": 0,
  "deleteIntent": 0,
  "getZTPListFromDeviceAdministrator": 0,
  "devAdminCreateAutodiscoveryNe": 0,
  "devAdminUpdateAutodiscoveryNe": 0,
  "devAdminDeleteAutodiscoverNe": 0,
  "obtainValueFromPool": 0,
  "nspInventoryFindWithFilter": 0,
  "retrieveResyncPolicy": 0,
  "retrieveResyncPolicyNEAndVersionSpecific": 0,
  "retrieveResyncPollingPolicyNESpecific": 0,
  "enableResyncPollingPolicy": 0,
  "getSpecificNetwork": 0,
  "getSupportingNetwork": 0,
  "getNetworkType": 0,
  "getNetwork": 0,
  "getAllNodesInANetwork": 0,
  "getSpecificNodeInANetwork": 0,
  "getSpecificLinkInANetwork": 0,
  "getSupportingLink": 0,
  "getSpecificTerminationPointsOfANode": 0,
  "getSupportingTerminationPoint": 0,
  "getSAPNetwork": 0,
  "getIETFNetworkFromSpecificNode": 0,
  "getSAPsOnASpecificNodeOfSpecificServiceType": 0,
  "getIETFMappingFiles": 0,
  "loadIETFMappingFiles": 0,
  "createMappingPolicy": 0,
  "getCorrelationPolicy": 0,
  "updateMappingPolicy": 0,
  "getSpecificMappingPolicy": 0,
  "deleteAllPoliciesOnARouter": 0,
  "getRouterNeMapping": 0,
  "deleteOnePolicyOfRouter": 0,
  "getIndicatorAgeoutPolicySettings": 0,
  "updateTheRetentionTimeForIndicators": 0,
  "getBaselineAgeoutPolicySettings": 0,
  "updateTheRetentionTimeForBaseline": 0,
  "avgCPUAllNodesAllActions": 0,
  "getAllIndicatorTemplates": 0,
  "uPDATEIndicatorTemplate": 0,
  "deleteIndicatorTemplate": 0,
  "getSpecificIndicatorTemplate": 0,
  "postavgCPUAllNodesAllActions": 0,
  "getAllIndicatorRules": 0,
  "updateIndicatorRule": 0,
  "deleteIndicatorRule": 0,
  "getSpecificIndicatorRule": 0,
  "createSubscription": 0,
  "createBaseline": 0,
  "getBaseline": 0,
  "createBaselineDetector": 0,
  "deleteBaseline": 0,
  "getBaselineDetector": 0,
  "patchBaselineDetector": 0,
  "deleteBaselineDetector": 0,
  "deleteSubscription": 0,
  "getAllBaselines": 0,
  "importIntentTypeFromIntentManager": 0,
  "getIntentTypes": 0,
  "removeIntentType": 0,
  "createTemplate": 0,
  "getTemplates": 0,
  "updateTemplateLifecycle": 0,
  "deleteTemplate": 0,
  "createPortGroupDirectory": 0,
  "createPortGroup": 0,
  "getPortGroupFDN": 0,
  "createDeployment": 0,
  "updateDeploymentConfiguration": 0,
  "replaceDeployment": 0,
  "getDeployments": 0,
  "getSpecificDeployment": 0,
  "deleteSingleDeployment": 0,
  "deleteDeployments": 0,
  "discoverDeployments": 0,
  "auditDeployment": 0,
  "getAuditDetails": 0,
  "alignConfigurationDeployment": 0,
  "auditTemplate": 0,
  "checkAuditStatusCount": 0,
  "alignConfigurationTemplateAllDeployments": 0,
  "alignConfigurationTemplateMisalignedDeployments": 0,
  "auditNodeDeployments": 0,
  "cloneTemplate": 0,
  "migrateDeployments": 0,
  "getNE": 0,
  "getSpecificNE": 0,
  "getShelf": 0,
  "getSpecificShelf": 0,
  "getCard": 0,
  "getSpecificNECards": 0,
  "getPort": 0,
  "getPortFromSpecificNE": 0,
  "getPortFromSpecificNETransceiverDetails": 0,
  "getLags": 0,
  "getSpecificNELag": 0,
  "getSpecificNELagWithFields": 0,
  "getRadio": 0
}