{
  "actions": [
    {
      "name": "avgCPUAllNodesAllActions",
      "protocol": "REST",
      "method": "POST",
      "entitypath": "{base_path}/{version}/restconf/data/nsp-indicator:rta-indicator-templates?{query}",
      "requestSchema": "schema.json",
      "responseSchema": "schema.json",
      "timeout": 0,
      "sendEmpty": false,
      "requestDatatype": "JSON",
      "responseDatatype": "JSON",
      "headers": {},
      "responseObjects": [
        {
          "type": "default",
          "key": "",
          "mockFile": "mockdatafiles/avgCPUAllNodesAllActions-default.json"
        }
      ]
    },
    {
      "name": "getAllIndicatorTemplates",
      "protocol": "REST",
      "method": "GET",
      "entitypath": "{base_path}/{version}/restconf/data/nsp-indicator:rta-indicator-templates?{query}",
      "requestSchema": "schema.json",
      "responseSchema": "schema.json",
      "timeout": 0,
      "sendEmpty": false,
      "sendGetBody": false,
      "requestDatatype": "JSON",
      "responseDatatype": "JSON",
      "headers": {},
      "responseObjects": [
        {
          "type": "default",
          "key": "",
          "mockFile": "mockdatafiles/getAllIndicatorTemplates-default.json"
        }
      ]
    },
    {
      "name": "uPDATEIndicatorTemplate",
      "protocol": "REST",
      "method": "PUT",
      "entitypath": "{base_path}/{version}/restconf/data/nsp-indicator:rta-indicator-templates/{pathv1}?{query}",
      "requestSchema": "schema.json",
      "responseSchema": "schema.json",
      "timeout": 0,
      "sendEmpty": false,
      "requestDatatype": "JSON",
      "responseDatatype": "JSON",
      "headers": {},
      "responseObjects": [
        {
          "type": "default",
          "key": "",
          "mockFile": "mockdatafiles/uPDATEIndicatorTemplate-default.json"
        }
      ]
    },
    {
      "name": "deleteIndicatorTemplate",
      "protocol": "REST",
      "method": "DELETE",
      "entitypath": "{base_path}/{version}/restconf/data/nsp-indicator:rta-indicator-templates/{pathv1}?{query}",
      "requestSchema": "schema.json",
      "responseSchema": "schema.json",
      "timeout": 0,
      "sendEmpty": false,
      "requestDatatype": "JSON",
      "responseDatatype": "JSON",
      "headers": {},
      "responseObjects": [
        {
          "type": "default",
          "key": "",
          "mockFile": ""
        }
      ]
    },
    {
      "name": "getSpecificIndicatorTemplate",
      "protocol": "REST",
      "method": "GET",
      "entitypath": "{base_path}/{version}/restconf/data/nsp-indicator:rta-indicator-templates/{pathv1}?{query}",
      "requestSchema": "schema.json",
      "responseSchema": "schema.json",
      "timeout": 0,
      "sendEmpty": false,
      "sendGetBody": false,
      "requestDatatype": "JSON",
      "responseDatatype": "JSON",
      "headers": {},
      "responseObjects": [
        {
          "type": "default",
          "key": "",
          "mockFile": "mockdatafiles/getSpecificIndicatorTemplate-default.json"
        }
      ]
    }
  ]
}