{
  "$id": "schema.json",
  "type": "object",
  "schema": "http://json-schema.org/draft-07/schema#",
  "translate": true,
  "dynamicfields": true,
  "properties": {
    "ph_request_type": {
      "type": "string",
      "description": "type of request (internal to adapter)",
      "default": "createSubscription",
      "enum": [
        "createSubscription",
        "createBaseline",
        "getBaseline",
        "createBaselineDetector",
        "deleteBaseline",
        "getBaselineDetector",
        "patchBaselineDetector",
        "deleteBaselineDetector",
        "deleteSubscription",
        "getAllBaselines"
      ],
      "external_name": "ph_request_type"
    },
    "baselineDetector": {
      "type": "string",
      "description": "",
      "parse": false,
      "encode": false,
      "encrypt": {
        "type": "AES",
        "key": ""
      },
      "external_name": "baseline-detector"
    }
  },
  "definitions": {}
}