{
  "updated": {
    "@": {
      "nsp-model:schema-nodeid": "/nsp-rt-analytics:baselines/baseline",
      "nsp-model:identifier": "/nsp-rt-analytics:baselines/baseline[type='counter'][resource='/network-device-mgr:network-devices/network-device[name='2.2.2.2']/root/nokia-state:state/port[port-id='1/1/1']'][counter-group='telemetry:/base/interfaces/interface'][counter='received-octets'][period='pt5m'][window-duration='pt1m']"
    },
    "period": "pt5m",
    "resource": "/network-device-mgr:network-devices/network-device[name='2.2.2.2']/root/nokia-state:state/port[port-id='1/1/1']",
    "description": "restconf_baseline_nodeB",
    "counter": "received-octets",
    "admin-state": "up",
    "type": "counter",
    "baseline-detector": [
      {
        "@": {
          "nsp-model:schema-nodeid": "/nsp-rt-analytics:baselines/baseline/baseline-detector",
          "nsp-model:identifier": "/nsp-rt-analytics:baselines/baseline[type='counter'][resource='/network-device-mgr:network-devices/network-device[name='2.2.2.2']/root/nokia-state:state/port[port-id='1/1/1']'][counter-group='telemetry:/base/interfaces/interface'][counter='received-octets'][period='pt5m'][window-duration='pt1m']/baseline-detector[algorithm='relative-diff-mean']"
        },
        "evaluate-when": "end-of-window",
        "comparison": "greater-than",
        "evaluate-what": "value_",
        "threshold": 0.1,
        "algorithm": "relative-diff-mean"
      }
    ],
    "window-duration": "pt1m",
    "update-status": "active",
    "use-bit-rate": false,
    "name": "2.2.2.2, 1/1/1",
    "units-name": "octets",
    "subscriptionid": "test-sub-baseline-mdm",
    "collection-interval": 60,
    "counter-group": "telemetry:/base/interfaces/interface"
  }
}