{
  "updated": {
    "@": {
      "nsp-model:schema-nodeid": "/nsp-rt-analytics:baselines/baseline/baseline-detector",
      "nsp-model:identifier": "/nsp-rt-analytics:baselines/baseline[type='counter'][resource='/network-device-mgr:network-devices/network-device[name='2.2.2.2']/root/nokia-state:state/port[port-id='1/1/1']'][counter-group='telemetry:/base/interfaces/interface'][counter='received-octets'][period='pt5m'][window-duration='pt1m']/baseline-detector[algorithm='relative-diff-mean']"
    },
    "evaluate-when": "end-of-window",
    "comparison": "less-than",
    "evaluate-what": "value_",
    "threshold": 0.1,
    "algorithm": "relative-diff-mean"
  }
}