{
  "actions": [
    {
      "name": "nspInventoryFindWithFilter",
      "protocol": "REST",
      "method": "POST",
      "entitypath": "{base_path}/{version}/restconf/operations/nsp-inventory:find?{query}",
      "requestSchema": "schema.json",
      "responseSchema": "schema.json",
      "timeout": 0,
      "sendEmpty": false,
      "requestDatatype": "JSON",
      "responseDatatype": "JSON",
      "headers": {},
      "responseObjects": [
        {
          "type": "default",
          "key": "",
          "mockFile": "mockdatafiles/nspInventoryFindWithFilter-default.json"
        }
      ]
    },
    {
      "name": "retrieveResyncPolicy",
      "protocol": "REST",
      "method": "GET",
      "entitypath": "{base_path}/{version}/restconf/data/nsp-admin-resync:resync-policies/mdm/resync-policy?{query}",
      "requestSchema": "schema.json",
      "responseSchema": "schema.json",
      "timeout": 0,
      "sendEmpty": false,
      "sendGetBody": false,
      "requestDatatype": "JSON",
      "responseDatatype": "JSON",
      "headers": {},
      "responseObjects": [
        {
          "type": "default",
          "key": "",
          "mockFile": "mockdatafiles/retrieveResyncPolicy-default.json"
        }
      ]
    },
    {
      "name": "retrieveResyncPolicyNEAndVersionSpecific",
      "protocol": "REST",
      "method": "GET",
      "entitypath": "{base_path}/{version}/restconf/data/nsp-admin-resync:resync-policies/mdm/{pathv1}/{pathv2}/{pathv3}?{query}",
      "requestSchema": "schema.json",
      "responseSchema": "schema.json",
      "timeout": 0,
      "sendEmpty": false,
      "sendGetBody": false,
      "requestDatatype": "JSON",
      "responseDatatype": "JSON",
      "headers": {},
      "responseObjects": [
        {
          "type": "default",
          "key": "",
          "mockFile": "mockdatafiles/retrieveResyncPolicyNEAndVersionSpecific-default.json"
        }
      ]
    },
    {
      "name": "retrieveResyncPollingPolicyNESpecific",
      "protocol": "REST",
      "method": "GET",
      "entitypath": "{base_path}/{version}/restconf/data/nsp-admin-resync:resync-policies/mdm/{pathv1}/{pathv2}?{query}",
      "requestSchema": "schema.json",
      "responseSchema": "schema.json",
      "timeout": 0,
      "sendEmpty": false,
      "sendGetBody": false,
      "requestDatatype": "JSON",
      "responseDatatype": "JSON",
      "headers": {},
      "responseObjects": [
        {
          "type": "default",
          "key": "",
          "mockFile": "mockdatafiles/retrieveResyncPollingPolicyNESpecific-default.json"
        }
      ]
    },
    {
      "name": "enableResyncPollingPolicy",
      "protocol": "REST",
      "method": "PATCH",
      "entitypath": "{base_path}/{version}/restconf/data/nsp-admin-resync:resync-policies/mdm/{pathv1}/{pathv2}/{pathv3}/{pathv4}?{query}",
      "requestSchema": "schema.json",
      "responseSchema": "schema.json",
      "timeout": 0,
      "sendEmpty": false,
      "requestDatatype": "JSON",
      "responseDatatype": "JSON",
      "headers": {},
      "responseObjects": [
        {
          "type": "default",
          "key": "",
          "mockFile": ""
        }
      ]
    }
  ]
}