{
  "$id": "schema.json",
  "type": "object",
  "schema": "http://json-schema.org/draft-07/schema#",
  "translate": true,
  "dynamicfields": true,
  "properties": {
    "ph_request_type": {
      "type": "string",
      "description": "type of request (internal to adapter)",
      "default": "getSpecificNetwork",
      "enum": [
        "getSpecificNetwork",
        "getSupportingNetwork",
        "getNetworkType",
        "getNetwork",
        "getL3TopologyAttribute",
        "getAllNodesInANetwork",
        "getSpecificNodeInANetwork",
        "getSpecificLinkInANetwork",
        "getSupportingLink",
        "getSpecificTerminationPointsOfANode",
        "getSupportingTerminationPoint",
        "l3GETSRTopologyNodeAttributes",
        "l3GETSRTopologyLinkAttributes"
      ],
      "external_name": "ph_request_type"
    },
    "terminationPoint": {
      "type": "string",
      "description": "",
      "parse": false,
      "encode": false,
      "encrypt": {
        "type": "AES",
        "key": ""
      },
      "external_name": "termination-point"
    }
  },
  "definitions": {}
}