{
  "actions": [
    {
      "name": "importIntentTypeFromIntentManager",
      "protocol": "REST",
      "method": "POST",
      "entitypath": "{base_path}/{version}/restconf/operations/nsp-icm:import-intent-types?{query}",
      "requestSchema": "schema.json",
      "responseSchema": "schema.json",
      "timeout": 0,
      "sendEmpty": false,
      "requestDatatype": "JSON",
      "responseDatatype": "JSON",
      "headers": {},
      "responseObjects": [
        {
          "type": "default",
          "key": "",
          "mockFile": "mockdatafiles/importIntentTypeFromIntentManager-default.json"
        }
      ]
    },
    {
      "name": "getIntentTypes",
      "protocol": "REST",
      "method": "GET",
      "entitypath": "{base_path}/{version}/restconf/data/nsp-icm:icm/imported-intent-types?{query}",
      "requestSchema": "schema.json",
      "responseSchema": "schema.json",
      "timeout": 0,
      "sendEmpty": false,
      "sendGetBody": false,
      "requestDatatype": "JSON",
      "responseDatatype": "JSON",
      "headers": {},
      "responseObjects": [
        {
          "type": "default",
          "key": "",
          "mockFile": "mockdatafiles/getIntentTypes-default.json"
        }
      ]
    },
    {
      "name": "removeIntentType",
      "protocol": "REST",
      "method": "POST",
      "entitypath": "{base_path}/{version}/restconf/operations/nsp-icm:remove-intent-type?{query}",
      "requestSchema": "schema.json",
      "responseSchema": "schema.json",
      "timeout": 0,
      "sendEmpty": false,
      "requestDatatype": "JSON",
      "responseDatatype": "JSON",
      "headers": {},
      "responseObjects": [
        {
          "type": "default",
          "key": "",
          "mockFile": "mockdatafiles/removeIntentType-default.json"
        }
      ]
    }
  ]
}