{
  "$id": "schema.json",
  "type": "object",
  "schema": "http://json-schema.org/draft-07/schema#",
  "translate": true,
  "dynamicfields": true,
  "properties": {
    "ph_request_type": {
      "type": "string",
      "description": "type of request (internal to adapter)",
      "default": "createIPv4AddressPool",
      "enum": [
        "createIPv4AddressPool",
        "getIPv4AddressPool",
        "obtainValueFromPool"
      ],
      "external_name": "ph_request_type"
    },
    "ipResourcePools": {
      "type": "string",
      "description": "",
      "parse": false,
      "encode": false,
      "encrypt": {
        "type": "AES",
        "key": ""
      },
      "external_name": "ip-resource-pools"
    }
  },
  "definitions": {}
}