{
  "actions": [
    {
      "name": "getIETFMappingFiles",
      "protocol": "REST",
      "method": "GET",
      "entitypath": "{base_path}/{version}/restconf/operations/nsp-yang-mapping-converter:nsp-yang-mapping-converter?{query}",
      "requestSchema": "schema.json",
      "responseSchema": "schema.json",
      "timeout": 0,
      "sendEmpty": false,
      "sendGetBody": false,
      "requestDatatype": "JSON",
      "responseDatatype": "JSON",
      "headers": {},
      "responseObjects": [
        {
          "type": "default",
          "key": "",
          "mockFile": "mockdatafiles/getIETFMappingFiles-default.json"
        }
      ]
    },
    {
      "name": "loadIETFMappingFiles",
      "protocol": "REST",
      "method": "POST",
      "entitypath": "{base_path}/{version}/restconf/operations/nsp-yang-mapping-converter:nsp-yang-mapping-converter/uploadFile?{query}",
      "requestSchema": "schema.json",
      "responseSchema": "schema.json",
      "timeout": 0,
      "sendEmpty": false,
      "requestDatatype": "FORM",
      "responseDatatype": "JSON",
      "headers": {},
      "responseObjects": [
        {
          "type": "default",
          "key": "",
          "mockFile": ""
        }
      ]
    }
  ]
}