{
  "actions": [
    {
      "name": "createMappingPolicy",
      "protocol": "REST",
      "method": "POST",
      "entitypath": "{base_path}/{version}/restconf/data/nsp-equipment-templates:correlation-policy?{query}",
      "requestSchema": "schema.json",
      "responseSchema": "schema.json",
      "timeout": 0,
      "sendEmpty": false,
      "requestDatatype": "JSON",
      "responseDatatype": "JSON",
      "headers": {},
      "responseObjects": [
        {
          "type": "default",
          "key": "",
          "mockFile": ""
        }
      ]
    },
    {
      "name": "getCorrelationPolicy",
      "protocol": "REST",
      "method": "GET",
      "entitypath": "{base_path}/{version}/restconf/data/nsp-equipment-templates:correlation-policy?{query}",
      "requestSchema": "schema.json",
      "responseSchema": "schema.json",
      "timeout": 0,
      "sendEmpty": false,
      "sendGetBody": false,
      "requestDatatype": "JSON",
      "responseDatatype": "JSON",
      "headers": {},
      "responseObjects": [
        {
          "type": "default",
          "key": "",
          "mockFile": "mockdatafiles/getCorrelationPolicy-default.json"
        }
      ]
    },
    {
      "name": "updateMappingPolicy",
      "protocol": "REST",
      "method": "PUT",
      "entitypath": "{base_path}/{version}/restconf/data/nsp-equipment-templates:correlation-policy/{pathv1}?{query}",
      "requestSchema": "schema.json",
      "responseSchema": "schema.json",
      "timeout": 0,
      "sendEmpty": false,
      "requestDatatype": "JSON",
      "responseDatatype": "JSON",
      "headers": {},
      "responseObjects": [
        {
          "type": "default",
          "key": "",
          "mockFile": ""
        }
      ]
    },
    {
      "name": "getSpecificMappingPolicy",
      "protocol": "REST",
      "method": "GET",
      "entitypath": "{base_path}/{version}/restconf/data/nsp-equipment-templates:correlation-policy/{pathv1}?{query}",
      "requestSchema": "schema.json",
      "responseSchema": "schema.json",
      "timeout": 0,
      "sendEmpty": false,
      "sendGetBody": false,
      "requestDatatype": "JSON",
      "responseDatatype": "JSON",
      "headers": {},
      "responseObjects": [
        {
          "type": "default",
          "key": "",
          "mockFile": "mockdatafiles/getSpecificMappingPolicy-default.json"
        }
      ]
    },
    {
      "name": "deleteAllPoliciesOnARouter",
      "protocol": "REST",
      "method": "DELETE",
      "entitypath": "{base_path}/{version}/restconf/data/nsp-equipment-templates:correlation-policy/{pathv1}?{query}",
      "requestSchema": "schema.json",
      "responseSchema": "schema.json",
      "timeout": 0,
      "sendEmpty": false,
      "requestDatatype": "JSON",
      "responseDatatype": "JSON",
      "headers": {},
      "responseObjects": [
        {
          "type": "default",
          "key": "",
          "mockFile": ""
        }
      ]
    },
    {
      "name": "getRouterNeMapping",
      "protocol": "REST",
      "method": "GET",
      "entitypath": "{base_path}/{version}/restconf/data/nsp-equipment-templates:correlation-policy/router-ne-mapping?{query}",
      "requestSchema": "schema.json",
      "responseSchema": "schema.json",
      "timeout": 0,
      "sendEmpty": false,
      "sendGetBody": false,
      "requestDatatype": "JSON",
      "responseDatatype": "JSON",
      "headers": {},
      "responseObjects": [
        {
          "type": "default",
          "key": "",
          "mockFile": "mockdatafiles/getRouterNeMapping-default.json"
        }
      ]
    },
    {
      "name": "deleteOnePolicyOfRouter",
      "protocol": "REST",
      "method": "DELETE",
      "entitypath": "{base_path}/{version}/restconf/data/nsp-equipment-templates:correlation-policy/{pathv1}/{pathv2}?{query}",
      "requestSchema": "schema.json",
      "responseSchema": "schema.json",
      "timeout": 0,
      "sendEmpty": false,
      "requestDatatype": "JSON",
      "responseDatatype": "JSON",
      "headers": {},
      "responseObjects": [
        {
          "type": "default",
          "key": "",
          "mockFile": ""
        }
      ]
    }
  ]
}