{
  "$id": "schema.json",
  "type": "object",
  "schema": "http://json-schema.org/draft-07/schema#",
  "translate": true,
  "dynamicfields": true,
  "properties": {
    "ph_request_type": {
      "type": "string",
      "description": "type of request (internal to adapter)",
      "default": "createMappingPolicy",
      "enum": [
        "createMappingPolicy",
        "getCorrelationPolicy",
        "updateMappingPolicy",
        "getSpecificMappingPolicy",
        "deleteAllPoliciesOnARouter",
        "getRouterNeMapping",
        "deleteOnePolicyOfRouter"
      ],
      "external_name": "ph_request_type"
    },
    "routerNeMapping": {
      "type": "string",
      "description": "",
      "parse": false,
      "encode": false,
      "encrypt": {
        "type": "AES",
        "key": ""
      },
      "external_name": "router-ne-mapping"
    },
    "routerInfos": {
      "type": "string",
      "description": "",
      "parse": false,
      "encode": false,
      "encrypt": {
        "type": "AES",
        "key": ""
      },
      "external_name": "router-infos"
    }
  },
  "definitions": {}
}