{
  "$id": "schema.json",
  "type": "object",
  "schema": "http://json-schema.org/draft-07/schema#",
  "translate": false,
  "dynamicfields": true,
  "properties": {
    "ph_request_type": {
      "type": "string",
      "description": "type of request (internal to adapter)",
      "default": "postavgCPUAllNodesAllActions",
      "enum": [
        "postavgCPUAllNodesAllActions",
        "getAllIndicatorRules",
        "updateIndicatorRule",
        "deleteIndicatorRule",
        "getSpecificIndicatorRule"
      ],
      "external_name": "ph_request_type"
    }
  },
  "definitions": {}
}