{
  "actions": [
    {
      "name": "createTemplate",
      "protocol": "REST",
      "method": "POST",
      "entitypath": "{base_path}/{version}/restconf/data/nsp-icm:icm/templates?{query}",
      "requestSchema": "schema.json",
      "responseSchema": "schema.json",
      "timeout": 0,
      "sendEmpty": false,
      "requestDatatype": "JSON",
      "responseDatatype": "JSON",
      "headers": {},
      "responseObjects": [
        {
          "type": "default",
          "key": "",
          "mockFile": "mockdatafiles/createTemplate-default.json"
        }
      ]
    },
    {
      "name": "getTemplates",
      "protocol": "REST",
      "method": "GET",
      "entitypath": "{base_path}/{version}/restconf/data/nsp-icm:icm/templates?{query}",
      "requestSchema": "schema.json",
      "responseSchema": "schema.json",
      "timeout": 0,
      "sendEmpty": false,
      "sendGetBody": false,
      "requestDatatype": "JSON",
      "responseDatatype": "JSON",
      "headers": {},
      "responseObjects": [
        {
          "type": "default",
          "key": "",
          "mockFile": "mockdatafiles/getTemplates-default.json"
        }
      ]
    },
    {
      "name": "updateTemplateLifecycle",
      "protocol": "REST",
      "method": "PATCH",
      "entitypath": "{base_path}/{version}/restconf/data/nsp-icm:icm/templates/{pathv1}?{query}",
      "requestSchema": "schema.json",
      "responseSchema": "schema.json",
      "timeout": 0,
      "sendEmpty": false,
      "requestDatatype": "JSON",
      "responseDatatype": "JSON",
      "headers": {},
      "responseObjects": [
        {
          "type": "default",
          "key": "",
          "mockFile": ""
        }
      ]
    },
    {
      "name": "deleteTemplate",
      "protocol": "REST",
      "method": "DELETE",
      "entitypath": "{base_path}/{version}/restconf/data/nsp-icm:icm/templates/{pathv1}?{query}",
      "requestSchema": "schema.json",
      "responseSchema": "schema.json",
      "timeout": 0,
      "sendEmpty": false,
      "requestDatatype": "JSON",
      "responseDatatype": "JSON",
      "headers": {},
      "responseObjects": [
        {
          "type": "default",
          "key": "",
          "mockFile": ""
        }
      ]
    }
  ]
}