{
  "$id": ".system-schemaTokenReq.json",
  "type": "object",
  "schema": "http://json-schema.org/draft-07/schema#",
  "translate": true,
  "dynamicfields": true,
  "properties": {
    "ph_request_type": {
      "type": "string",
      "description": "type of request (internal to adapter)",
      "default": "getToken",
      "enum": [
        "getToken"
      ],
      "external_name": "ph_request_type"
    },
    "username": {
      "type": "string",
      "description": "username to log in with",
      "parse": false,
      "encode": false,
      "encrypt": {
        "type": "AES",
        "key": ""
      },
      "external_name": "username"
    },
    "password": {
      "type": "string",
      "description": "password to log in with",
      "parse": false,
      "encode": false,
      "encrypt": {
        "type": "AES",
        "key": ""
      },
      "external_name": "password"
    },
    "grant_type": {
      "type": "string",
      "description": "grant type sent to system",
      "default": "client_credentials",
      "parse": false,
      "encode": false,
      "encrypt": {
        "type": "AES",
        "key": ""
      },
      "external_name": "grant_type"
    }
  },
  "definitions": {}
}