{
  "$id": "generic_schema.json",
  "type": "object",
  "schema": "http://json-schema.org/draft-07/schema#",
  "translate": false,
  "dynamicfields": true,
  "properties": {
    "ph_request_type": {
      "type": "string",
      "description": "type of request (internal to adapter)",
      "default": "getGeneric",
      "enum": [
        "getGenerics",
        "createGeneric",
        "updateGeneric",
        "patchGeneric",
        "deleteGeneric",
        "getGenericsNoBase",
        "createGenericNoBase",
        "updateGenericNoBase",
        "patchGenericNoBase",
        "deleteGenericNoBase"
      ],
      "external_name": "ph_request_type"
    }
  },
  "definitions": {}
}