{
  "actions": [
    {
      "name": "discoverDeployments",
      "protocol": "REST",
      "method": "POST",
      "entitypath": "{base_path}/{version}/restconf/operations/nsp-icm:discover-deployments?{query}",
      "requestSchema": "schema.json",
      "responseSchema": "schema.json",
      "timeout": 0,
      "sendEmpty": false,
      "requestDatatype": "JSON",
      "responseDatatype": "JSON",
      "headers": {},
      "responseObjects": [
        {
          "type": "default",
          "key": "",
          "mockFile": "mockdatafiles/discoverDeployments-default.json"
        }
      ]
    }
  ]
}