{
  "nsp-indicator:rta-indicator-templates": {
    "@": {
      "nsp-model:schema-nodeid": "/nsp-indicator:rta-indicator-templates",
      "nsp-model:identifier": "/nsp-indicator:rta-indicator-templates"
    },
    "template": [
      {
        "@": {
          "nsp-model:schema-nodeid": "/nsp-indicator:rta-indicator-templates/template",
          "nsp-model:identifier": "/nsp-indicator:rta-indicator-templates/template[name='AvgCpuAllNodesAllActionsTemplate']"
        },
        "name": "AvgCpuAllNodesAllActionsTemplate",
        "description": "avg cpu from all nodes template",
        "units-name": "%",
        "telemetry-type": "telemetry:/base/system-info/system",
        "formula": "avg({cpu-usage_avg})",
        "counters": [
          {
            "@": {
              "nsp-model:schema-nodeid": "/nsp-indicator:rta-indicator-templates/template/counters",
              "nsp-model:identifier": "/nsp-indicator:rta-indicator-templates/template[name='AvgCpuAllNodesAllActionsTemplate']/counters[name='cpu-usage'][function='avg']"
            },
            "name": "cpu-usage",
            "function": "avg"
          }
        ],
        "thresholds": [
          {
            "@": {
              "nsp-model:schema-nodeid": "/nsp-indicator:rta-indicator-templates/template/thresholds",
              "nsp-model:identifier": "/nsp-indicator:rta-indicator-templates/template[name='AvgCpuAllNodesAllActionsTemplate']/thresholds[threshold-value-decimal='20'][direction='increasing']"
            },
            "threshold-value-decimal": "20",
            "direction": "increasing",
            "actions": [
              {
                "@": {
                  "nsp-model:schema-nodeid": "/nsp-indicator:rta-indicator-templates/template/thresholds/actions",
                  "nsp-model:identifier": "/nsp-indicator:rta-indicator-templates/template[name='AvgCpuAllNodesAllActionsTemplate']/thresholds[threshold-value-decimal='20'][direction='increasing']/actions[name='template_threshold_20_increasing_kafka_action']"
                },
                "name": "template_threshold_20_increasing_kafka_action",
                "type": "kafka",
                "kafka": {
                  "@": {
                    "nsp-model:schema-nodeid": "/nsp-indicator:rta-indicator-templates/template/thresholds/actions/kafka",
                    "nsp-model:identifier": "/nsp-indicator:rta-indicator-templates/template[name='AvgCpuAllNodesAllActionsTemplate']/thresholds[threshold-value-decimal='20'][direction='increasing']/actions[name='template_threshold_20_increasing_kafka_action']/kafka"
                  },
                  "topic-name": "nsp-act-action-event",
                  "topic-content": "CPU is a rising"
                }
              },
              {
                "@": {
                  "nsp-model:schema-nodeid": "/nsp-indicator:rta-indicator-templates/template/thresholds/actions",
                  "nsp-model:identifier": "/nsp-indicator:rta-indicator-templates/template[name='AvgCpuAllNodesAllActionsTemplate']/thresholds[threshold-value-decimal='20'][direction='increasing']/actions[name='template_threshold_20_increasing_alarm_action']"
                },
                "name": "template_threshold_20_increasing_alarm_action",
                "type": "alarm",
                "alarm": {
                  "@": {
                    "nsp-model:schema-nodeid": "/nsp-indicator:rta-indicator-templates/template/thresholds/actions/alarm",
                    "nsp-model:identifier": "/nsp-indicator:rta-indicator-templates/template[name='AvgCpuAllNodesAllActionsTemplate']/thresholds[threshold-value-decimal='20'][direction='increasing']/actions[name='template_threshold_20_increasing_alarm_action']/alarm"
                  },
                  "severity": "major"
                }
              },
              {
                "@": {
                  "nsp-model:schema-nodeid": "/nsp-indicator:rta-indicator-templates/template/thresholds/actions",
                  "nsp-model:identifier": "/nsp-indicator:rta-indicator-templates/template[name='AvgCpuAllNodesAllActionsTemplate']/thresholds[threshold-value-decimal='20'][direction='increasing']/actions[name='template_threshold_20_increasing_email_action']"
                },
                "name": "template_threshold_20_increasing_email_action",
                "type": "email",
                "email": {
                  "@": {
                    "nsp-model:schema-nodeid": "/nsp-indicator:rta-indicator-templates/template/thresholds/actions/email",
                    "nsp-model:identifier": "/nsp-indicator:rta-indicator-templates/template[name='AvgCpuAllNodesAllActionsTemplate']/thresholds[threshold-value-decimal='20'][direction='increasing']/actions[name='template_threshold_20_increasing_email_action']/email"
                  },
                  "email-address": "userid@user.com",
                  "email-subject": "Hmmmmm, It's getting hot",
                  "email-content": "Your temperature is rising.",
                  "aggregation": false,
                  "period": 5,
                  "number-events": 5
                }
              }
            ]
          }
        ]
      },
      {
        "@": {
          "nsp-model:schema-nodeid": "/nsp-indicator:rta-indicator-templates/template",
          "nsp-model:identifier": "/nsp-indicator:rta-indicator-templates/template[name='MaxTempNfmp10.10.10.4Template']"
        },
        "name": "MaxTempNfmp10.10.10.4Template",
        "description": "\"max\" temp on '10.10.10.4' template",
        "units-name": "deg C",
        "telemetry-type": "telemetry:/base/hardware/temperature",
        "formula": "max({temperature_avg})",
        "counters": [
          {
            "@": {
              "nsp-model:schema-nodeid": "/nsp-indicator:rta-indicator-templates/template/counters",
              "nsp-model:identifier": "/nsp-indicator:rta-indicator-templates/template[name='MaxTempNfmp10.10.10.4Template']/counters[name='temperature'][function='avg']"
            },
            "name": "temperature",
            "function": "avg"
          }
        ],
        "thresholds": [
          {
            "@": {
              "nsp-model:schema-nodeid": "/nsp-indicator:rta-indicator-templates/template/thresholds",
              "nsp-model:identifier": "/nsp-indicator:rta-indicator-templates/template[name='MaxTempNfmp10.10.10.4Template']/thresholds[threshold-value-decimal='60'][direction='increasing']"
            },
            "threshold-value-decimal": "60",
            "direction": "increasing",
            "actions": [
              {
                "@": {
                  "nsp-model:schema-nodeid": "/nsp-indicator:rta-indicator-templates/template/thresholds/actions",
                  "nsp-model:identifier": "/nsp-indicator:rta-indicator-templates/template[name='MaxTempNfmp10.10.10.4Template']/thresholds[threshold-value-decimal='60'][direction='increasing']/actions[name='template_threshold_60_increasing_kafka_action']"
                },
                "name": "template_threshold_60_increasing_kafka_action",
                "type": "kafka",
                "kafka": {
                  "@": {
                    "nsp-model:schema-nodeid": "/nsp-indicator:rta-indicator-templates/template/thresholds/actions/kafka",
                    "nsp-model:identifier": "/nsp-indicator:rta-indicator-templates/template[name='MaxTempNfmp10.10.10.4Template']/thresholds[threshold-value-decimal='60'][direction='increasing']/actions[name='template_threshold_60_increasing_kafka_action']/kafka"
                  },
                  "topic-name": "nsp-act-action-event",
                  "topic-content": "Temperature is a rising on 10.10.10.4"
                }
              },
              {
                "@": {
                  "nsp-model:schema-nodeid": "/nsp-indicator:rta-indicator-templates/template/thresholds/actions",
                  "nsp-model:identifier": "/nsp-indicator:rta-indicator-templates/template[name='MaxTempNfmp10.10.10.4Template']/thresholds[threshold-value-decimal='60'][direction='increasing']/actions[name='template_threshold_60_increasing_alarm_action']"
                },
                "name": "template_threshold_60_increasing_alarm_action",
                "type": "alarm",
                "alarm": {
                  "@": {
                    "nsp-model:schema-nodeid": "/nsp-indicator:rta-indicator-templates/template/thresholds/actions/alarm",
                    "nsp-model:identifier": "/nsp-indicator:rta-indicator-templates/template[name='MaxTempNfmp10.10.10.4Template']/thresholds[threshold-value-decimal='60'][direction='increasing']/actions[name='template_threshold_60_increasing_alarm_action']/alarm"
                  },
                  "severity": "critical"
                }
              },
              {
                "@": {
                  "nsp-model:schema-nodeid": "/nsp-indicator:rta-indicator-templates/template/thresholds/actions",
                  "nsp-model:identifier": "/nsp-indicator:rta-indicator-templates/template[name='MaxTempNfmp10.10.10.4Template']/thresholds[threshold-value-decimal='60'][direction='increasing']/actions[name='template_threshold_60_increasing_email_action']"
                },
                "name": "template_threshold_60_increasing_email_action",
                "type": "email",
                "email": {
                  "@": {
                    "nsp-model:schema-nodeid": "/nsp-indicator:rta-indicator-templates/template/thresholds/actions/email",
                    "nsp-model:identifier": "/nsp-indicator:rta-indicator-templates/template[name='MaxTempNfmp10.10.10.4Template']/thresholds[threshold-value-decimal='60'][direction='increasing']/actions[name='template_threshold_60_increasing_email_action']/email"
                  },
                  "email-address": "userid@user.com",
                  "email-subject": "Hmmmmm, It's getting hot 10.10.10.4",
                  "email-content": "Your temperature is rising 10.10.10.4.",
                  "aggregation": false,
                  "period": 5,
                  "number-events": 5
                }
              }
            ]
          }
        ]
      },
      {
        "@": {
          "nsp-model:schema-nodeid": "/nsp-indicator:rta-indicator-templates/template",
          "nsp-model:identifier": "/nsp-indicator:rta-indicator-templates/template[name='MinTempNfmp10.10.10.4Template']"
        },
        "name": "MinTempNfmp10.10.10.4Template",
        "description": "min' temp\" on 10.10.10.4 template",
        "units-name": "CELSIUS",
        "telemetry-type": "telemetry:/base/hardware/temperature",
        "formula": "min({temperature_avg})",
        "counters": [
          {
            "@": {
              "nsp-model:schema-nodeid": "/nsp-indicator:rta-indicator-templates/template/counters",
              "nsp-model:identifier": "/nsp-indicator:rta-indicator-templates/template[name='MinTempNfmp10.10.10.4Template']/counters[name='temperature'][function='avg']"
            },
            "name": "temperature",
            "function": "avg"
          }
        ],
        "thresholds": [
          {
            "@": {
              "nsp-model:schema-nodeid": "/nsp-indicator:rta-indicator-templates/template/thresholds",
              "nsp-model:identifier": "/nsp-indicator:rta-indicator-templates/template[name='MinTempNfmp10.10.10.4Template']/thresholds[threshold-value-decimal='50'][direction='increasing']"
            },
            "threshold-value-decimal": "50",
            "direction": "increasing",
            "actions": [
              {
                "@": {
                  "nsp-model:schema-nodeid": "/nsp-indicator:rta-indicator-templates/template/thresholds/actions",
                  "nsp-model:identifier": "/nsp-indicator:rta-indicator-templates/template[name='MinTempNfmp10.10.10.4Template']/thresholds[threshold-value-decimal='50'][direction='increasing']/actions[name='template_threshold_50_increasing_kafka_action']"
                },
                "name": "template_threshold_50_increasing_kafka_action",
                "type": "kafka",
                "kafka": {
                  "@": {
                    "nsp-model:schema-nodeid": "/nsp-indicator:rta-indicator-templates/template/thresholds/actions/kafka",
                    "nsp-model:identifier": "/nsp-indicator:rta-indicator-templates/template[name='MinTempNfmp10.10.10.4Template']/thresholds[threshold-value-decimal='50'][direction='increasing']/actions[name='template_threshold_50_increasing_kafka_action']/kafka"
                  },
                  "topic-name": "nsp-act-action-event",
                  "topic-content": "Temperature is a rising 10.10.10.4"
                }
              },
              {
                "@": {
                  "nsp-model:schema-nodeid": "/nsp-indicator:rta-indicator-templates/template/thresholds/actions",
                  "nsp-model:identifier": "/nsp-indicator:rta-indicator-templates/template[name='MinTempNfmp10.10.10.4Template']/thresholds[threshold-value-decimal='50'][direction='increasing']/actions[name='template_threshold_50_increasing_alarm_action']"
                },
                "name": "template_threshold_50_increasing_alarm_action",
                "type": "alarm",
                "alarm": {
                  "@": {
                    "nsp-model:schema-nodeid": "/nsp-indicator:rta-indicator-templates/template/thresholds/actions/alarm",
                    "nsp-model:identifier": "/nsp-indicator:rta-indicator-templates/template[name='MinTempNfmp10.10.10.4Template']/thresholds[threshold-value-decimal='50'][direction='increasing']/actions[name='template_threshold_50_increasing_alarm_action']/alarm"
                  },
                  "severity": "major"
                }
              },
              {
                "@": {
                  "nsp-model:schema-nodeid": "/nsp-indicator:rta-indicator-templates/template/thresholds/actions",
                  "nsp-model:identifier": "/nsp-indicator:rta-indicator-templates/template[name='MinTempNfmp10.10.10.4Template']/thresholds[threshold-value-decimal='50'][direction='increasing']/actions[name='template_threshold_50_increasing_email_action']"
                },
                "name": "template_threshold_50_increasing_email_action",
                "type": "email",
                "email": {
                  "@": {
                    "nsp-model:schema-nodeid": "/nsp-indicator:rta-indicator-templates/template/thresholds/actions/email",
                    "nsp-model:identifier": "/nsp-indicator:rta-indicator-templates/template[name='MinTempNfmp10.10.10.4Template']/thresholds[threshold-value-decimal='50'][direction='increasing']/actions[name='template_threshold_50_increasing_email_action']/email"
                  },
                  "email-address": "userid@user.com",
                  "email-subject": "Hmmmmm, It's getting hot 10.10.10.4",
                  "email-content": "Your temperature is rising 10.10.10.4",
                  "aggregation": false,
                  "period": 5,
                  "number-events": 5
                }
              }
            ]
          }
        ]
      },
      {
        "@": {
          "nsp-model:schema-nodeid": "/nsp-indicator:rta-indicator-templates/template",
          "nsp-model:identifier": "/nsp-indicator:rta-indicator-templates/template[name='AvgTempNfmp10.10.10.5Template']"
        },
        "name": "AvgTempNfmp10.10.10.5Template",
        "description": "avg temp on 10.10.10.5 template",
        "units-name": "deg C",
        "telemetry-type": "telemetry:/base/hardware/temperature",
        "formula": "avg({temperature_avg})",
        "counters": [
          {
            "@": {
              "nsp-model:schema-nodeid": "/nsp-indicator:rta-indicator-templates/template/counters",
              "nsp-model:identifier": "/nsp-indicator:rta-indicator-templates/template[name='AvgTempNfmp10.10.10.5Template']/counters[name='temperature'][function='avg']"
            },
            "name": "temperature",
            "function": "avg"
          }
        ],
        "thresholds": [
          {
            "@": {
              "nsp-model:schema-nodeid": "/nsp-indicator:rta-indicator-templates/template/thresholds",
              "nsp-model:identifier": "/nsp-indicator:rta-indicator-templates/template[name='AvgTempNfmp10.10.10.5Template']/thresholds[threshold-value-decimal='40'][direction='increasing']"
            },
            "threshold-value-decimal": "40",
            "direction": "increasing",
            "actions": [
              {
                "@": {
                  "nsp-model:schema-nodeid": "/nsp-indicator:rta-indicator-templates/template/thresholds/actions",
                  "nsp-model:identifier": "/nsp-indicator:rta-indicator-templates/template[name='AvgTempNfmp10.10.10.5Template']/thresholds[threshold-value-decimal='40'][direction='increasing']/actions[name='template_threshold_40_increasing_kafka_action']"
                },
                "name": "template_threshold_40_increasing_kafka_action",
                "type": "kafka",
                "kafka": {
                  "@": {
                    "nsp-model:schema-nodeid": "/nsp-indicator:rta-indicator-templates/template/thresholds/actions/kafka",
                    "nsp-model:identifier": "/nsp-indicator:rta-indicator-templates/template[name='AvgTempNfmp10.10.10.5Template']/thresholds[threshold-value-decimal='40'][direction='increasing']/actions[name='template_threshold_40_increasing_kafka_action']/kafka"
                  },
                  "topic-name": "nsp-act-action-event",
                  "topic-content": "Temperature is a rising 10.10.10.5"
                }
              },
              {
                "@": {
                  "nsp-model:schema-nodeid": "/nsp-indicator:rta-indicator-templates/template/thresholds/actions",
                  "nsp-model:identifier": "/nsp-indicator:rta-indicator-templates/template[name='AvgTempNfmp10.10.10.5Template']/thresholds[threshold-value-decimal='40'][direction='increasing']/actions[name='template_threshold_40_increasing_alarm_action']"
                },
                "name": "template_threshold_40_increasing_alarm_action",
                "type": "alarm",
                "alarm": {
                  "@": {
                    "nsp-model:schema-nodeid": "/nsp-indicator:rta-indicator-templates/template/thresholds/actions/alarm",
                    "nsp-model:identifier": "/nsp-indicator:rta-indicator-templates/template[name='AvgTempNfmp10.10.10.5Template']/thresholds[threshold-value-decimal='40'][direction='increasing']/actions[name='template_threshold_40_increasing_alarm_action']/alarm"
                  },
                  "severity": "minor"
                }
              },
              {
                "@": {
                  "nsp-model:schema-nodeid": "/nsp-indicator:rta-indicator-templates/template/thresholds/actions",
                  "nsp-model:identifier": "/nsp-indicator:rta-indicator-templates/template[name='AvgTempNfmp10.10.10.5Template']/thresholds[threshold-value-decimal='40'][direction='increasing']/actions[name='template_threshold_40_increasing_email_action']"
                },
                "name": "template_threshold_40_increasing_email_action",
                "type": "email",
                "email": {
                  "@": {
                    "nsp-model:schema-nodeid": "/nsp-indicator:rta-indicator-templates/template/thresholds/actions/email",
                    "nsp-model:identifier": "/nsp-indicator:rta-indicator-templates/template[name='AvgTempNfmp10.10.10.5Template']/thresholds[threshold-value-decimal='40'][direction='increasing']/actions[name='template_threshold_40_increasing_email_action']/email"
                  },
                  "email-address": "userid@user.com",
                  "email-subject": "Hmmmmm, It\"s getting hot 10.10.10.5",
                  "email-content": "Your temperature is rising 10.10.10.5",
                  "aggregation": true,
                  "period": 3,
                  "number-events": 4
                }
              }
            ]
          }
        ]
      },
      {
        "@": {
          "nsp-model:schema-nodeid": "/nsp-indicator:rta-indicator-templates/template",
          "nsp-model:identifier": "/nsp-indicator:rta-indicator-templates/template[name='SumOctets 10.10.10.5 Template']"
        },
        "name": "SumOctets 10.10.10.5 Template",
        "description": "sum tx, rx of all ports on 10.10.10.5 template",
        "units-name": "Total octets",
        "telemetry-type": "telemetry:/base/interfaces/interface",
        "formula": "sum({transmitted-octets-periodic_sum} + {received-octets-periodic_sum})",
        "counters": [
          {
            "@": {
              "nsp-model:schema-nodeid": "/nsp-indicator:rta-indicator-templates/template/counters",
              "nsp-model:identifier": "/nsp-indicator:rta-indicator-templates/template[name='SumOctets 10.10.10.5 Template']/counters[name='transmitted-octets-periodic'][function='sum']"
            },
            "name": "transmitted-octets-periodic",
            "function": "sum"
          },
          {
            "@": {
              "nsp-model:schema-nodeid": "/nsp-indicator:rta-indicator-templates/template/counters",
              "nsp-model:identifier": "/nsp-indicator:rta-indicator-templates/template[name='SumOctets 10.10.10.5 Template']/counters[name='received-octets-periodic'][function='sum']"
            },
            "name": "received-octets-periodic",
            "function": "sum"
          }
        ],
        "thresholds": [
          {
            "@": {
              "nsp-model:schema-nodeid": "/nsp-indicator:rta-indicator-templates/template/thresholds",
              "nsp-model:identifier": "/nsp-indicator:rta-indicator-templates/template[name='SumOctets 10.10.10.5 Template']/thresholds[threshold-value-decimal='100000'][direction='increasing']"
            },
            "threshold-value-decimal": "100000",
            "direction": "increasing",
            "actions": [
              {
                "@": {
                  "nsp-model:schema-nodeid": "/nsp-indicator:rta-indicator-templates/template/thresholds/actions",
                  "nsp-model:identifier": "/nsp-indicator:rta-indicator-templates/template[name='SumOctets 10.10.10.5 Template']/thresholds[threshold-value-decimal='100000'][direction='increasing']/actions[name='template_threshold_100000_increasing_kafka_action']"
                },
                "name": "template_threshold_100000_increasing_kafka_action",
                "type": "kafka",
                "kafka": {
                  "@": {
                    "nsp-model:schema-nodeid": "/nsp-indicator:rta-indicator-templates/template/thresholds/actions/kafka",
                    "nsp-model:identifier": "/nsp-indicator:rta-indicator-templates/template[name='SumOctets 10.10.10.5 Template']/thresholds[threshold-value-decimal='100000'][direction='increasing']/actions[name='template_threshold_100000_increasing_kafka_action']/kafka"
                  },
                  "topic-name": "nsp-act-action-event",
                  "topic-content": "10.10.10.5 sum(tx+rx) increasing"
                }
              }
            ]
          },
          {
            "@": {
              "nsp-model:schema-nodeid": "/nsp-indicator:rta-indicator-templates/template/thresholds",
              "nsp-model:identifier": "/nsp-indicator:rta-indicator-templates/template[name='SumOctets 10.10.10.5 Template']/thresholds[threshold-value-decimal='1000'][direction='decreasing']"
            },
            "threshold-value-decimal": "1000",
            "direction": "decreasing",
            "actions": [
              {
                "@": {
                  "nsp-model:schema-nodeid": "/nsp-indicator:rta-indicator-templates/template/thresholds/actions",
                  "nsp-model:identifier": "/nsp-indicator:rta-indicator-templates/template[name='SumOctets 10.10.10.5 Template']/thresholds[threshold-value-decimal='1000'][direction='decreasing']/actions[name='template_threshold_1000_decreasing_kafka_action']"
                },
                "name": "template_threshold_1000_decreasing_kafka_action",
                "type": "kafka",
                "kafka": {
                  "@": {
                    "nsp-model:schema-nodeid": "/nsp-indicator:rta-indicator-templates/template/thresholds/actions/kafka",
                    "nsp-model:identifier": "/nsp-indicator:rta-indicator-templates/template[name='SumOctets 10.10.10.5 Template']/thresholds[threshold-value-decimal='1000'][direction='decreasing']/actions[name='template_threshold_1000_decreasing_kafka_action']/kafka"
                  },
                  "topic-name": "nsp-act-action-event",
                  "topic-content": "10.10.10.5 sum(tx+rx) decreasing"
                }
              }
            ]
          }
        ]
      },
      {
        "@": {
          "nsp-model:schema-nodeid": "/nsp-indicator:rta-indicator-templates/template",
          "nsp-model:identifier": "/nsp-indicator:rta-indicator-templates/template[name='SumOctets 10.10.10.4 Two Ports Template']"
        },
        "name": "SumOctets 10.10.10.4 Two Ports Template",
        "description": "sum tx, rx of port 1/1/1 and 1/1/2 on 10.10.10.4 template",
        "units-name": "Total octets",
        "telemetry-type": "telemetry:/base/interfaces/interface",
        "formula": "sum({received-octets-periodic_sum}+{transmitted-octets-periodic_sum})",
        "counters": [
          {
            "@": {
              "nsp-model:schema-nodeid": "/nsp-indicator:rta-indicator-templates/template/counters",
              "nsp-model:identifier": "/nsp-indicator:rta-indicator-templates/template[name='SumOctets 10.10.10.4 Two Ports Template']/counters[name='transmitted-octets-periodic'][function='sum']"
            },
            "name": "transmitted-octets-periodic",
            "function": "sum"
          },
          {
            "@": {
              "nsp-model:schema-nodeid": "/nsp-indicator:rta-indicator-templates/template/counters",
              "nsp-model:identifier": "/nsp-indicator:rta-indicator-templates/template[name='SumOctets 10.10.10.4 Two Ports Template']/counters[name='received-octets-periodic'][function='sum']"
            },
            "name": "received-octets-periodic",
            "function": "sum"
          }
        ],
        "thresholds": [
          {
            "@": {
              "nsp-model:schema-nodeid": "/nsp-indicator:rta-indicator-templates/template/thresholds",
              "nsp-model:identifier": "/nsp-indicator:rta-indicator-templates/template[name='SumOctets 10.10.10.4 Two Ports Template']/thresholds[threshold-value-decimal='200000'][direction='increasing']"
            },
            "threshold-value-decimal": "200000",
            "direction": "increasing",
            "actions": [
              {
                "@": {
                  "nsp-model:schema-nodeid": "/nsp-indicator:rta-indicator-templates/template/thresholds/actions",
                  "nsp-model:identifier": "/nsp-indicator:rta-indicator-templates/template[name='SumOctets 10.10.10.4 Two Ports Template']/thresholds[threshold-value-decimal='200000'][direction='increasing']/actions[name='template_threshold_200000_increasing_kafka_action']"
                },
                "name": "template_threshold_200000_increasing_kafka_action",
                "type": "kafka",
                "kafka": {
                  "@": {
                    "nsp-model:schema-nodeid": "/nsp-indicator:rta-indicator-templates/template/thresholds/actions/kafka",
                    "nsp-model:identifier": "/nsp-indicator:rta-indicator-templates/template[name='SumOctets 10.10.10.4 Two Ports Template']/thresholds[threshold-value-decimal='200000'][direction='increasing']/actions[name='template_threshold_200000_increasing_kafka_action']/kafka"
                  },
                  "topic-name": "nsp-act-action-event",
                  "topic-content": "Total octets above 200000 threshold setting 10.10.10.4 1/1/1 and 1/1/2"
                }
              }
            ]
          },
          {
            "@": {
              "nsp-model:schema-nodeid": "/nsp-indicator:rta-indicator-templates/template/thresholds",
              "nsp-model:identifier": "/nsp-indicator:rta-indicator-templates/template[name='SumOctets 10.10.10.4 Two Ports Template']/thresholds[threshold-value-decimal='20000'][direction='decreasing']"
            },
            "threshold-value-decimal": "20000",
            "direction": "decreasing",
            "actions": [
              {
                "@": {
                  "nsp-model:schema-nodeid": "/nsp-indicator:rta-indicator-templates/template/thresholds/actions",
                  "nsp-model:identifier": "/nsp-indicator:rta-indicator-templates/template[name='SumOctets 10.10.10.4 Two Ports Template']/thresholds[threshold-value-decimal='20000'][direction='decreasing']/actions[name='template_threshold_20000_decreasing_kafka_action']"
                },
                "name": "template_threshold_20000_decreasing_kafka_action",
                "type": "kafka",
                "kafka": {
                  "@": {
                    "nsp-model:schema-nodeid": "/nsp-indicator:rta-indicator-templates/template/thresholds/actions/kafka",
                    "nsp-model:identifier": "/nsp-indicator:rta-indicator-templates/template[name='SumOctets 10.10.10.4 Two Ports Template']/thresholds[threshold-value-decimal='20000'][direction='decreasing']/actions[name='template_threshold_20000_decreasing_kafka_action']/kafka"
                  },
                  "topic-name": "nsp-act-action-event",
                  "topic-content": "Total octets below 20000 threshold setting 10.10.10.4 1/1/1 and 1/1/2"
                }
              }
            ]
          }
        ]
      }
    ]
  }
}