{
  "actions": [
    {
      "name": "auditDeployment",
      "protocol": "REST",
      "method": "POST",
      "entitypath": "{base_path}/{version}/restconf/data/nsp-icm:icm/deployments/{pathv1}/audit?{query}",
      "requestSchema": "schema.json",
      "responseSchema": "schema.json",
      "timeout": 0,
      "sendEmpty": false,
      "requestDatatype": "JSON",
      "responseDatatype": "JSON",
      "headers": {},
      "responseObjects": [
        {
          "type": "default",
          "key": "",
          "mockFile": "mockdatafiles/auditDeployment-default.json"
        }
      ]
    },
    {
      "name": "getAuditDetails",
      "protocol": "REST",
      "method": "GET",
      "entitypath": "{base_path}/{version}/restconf/data/nsp-icm:icm/deployments/{pathv1}/audit-details?{query}",
      "requestSchema": "schema.json",
      "responseSchema": "schema.json",
      "timeout": 0,
      "sendEmpty": false,
      "sendGetBody": false,
      "requestDatatype": "JSON",
      "responseDatatype": "JSON",
      "headers": {},
      "responseObjects": [
        {
          "type": "default",
          "key": "",
          "mockFile": "mockdatafiles/getAuditDetails-default.json"
        }
      ]
    },
    {
      "name": "alignConfigurationDeployment",
      "protocol": "REST",
      "method": "POST",
      "entitypath": "{base_path}/{version}/restconf/data/nsp-icm:icm/deployments/{pathv1}/align-config?{query}",
      "requestSchema": "schema.json",
      "responseSchema": "schema.json",
      "timeout": 0,
      "sendEmpty": false,
      "requestDatatype": "JSON",
      "responseDatatype": "JSON",
      "headers": {},
      "responseObjects": [
        {
          "type": "default",
          "key": "",
          "mockFile": "mockdatafiles/alignConfigurationDeployment-default.json"
        }
      ]
    },
    {
      "name": "auditTemplate",
      "protocol": "REST",
      "method": "POST",
      "entitypath": "{base_path}/{version}/restconf/data/nsp-icm:icm/templates/{pathv1}/audit?{query}",
      "requestSchema": "schema.json",
      "responseSchema": "schema.json",
      "timeout": 0,
      "sendEmpty": false,
      "requestDatatype": "JSON",
      "responseDatatype": "JSON",
      "headers": {},
      "responseObjects": [
        {
          "type": "default",
          "key": "",
          "mockFile": "mockdatafiles/auditTemplate-default.json"
        }
      ]
    },
    {
      "name": "checkAuditStatusCount",
      "protocol": "REST",
      "method": "POST",
      "entitypath": "{base_path}/{version}/restconf/data/nsp-icm:icm/templates/{pathv1}/deployment-count-by-status?{query}",
      "requestSchema": "schema.json",
      "responseSchema": "schema.json",
      "timeout": 0,
      "sendEmpty": false,
      "requestDatatype": "JSON",
      "responseDatatype": "JSON",
      "headers": {},
      "responseObjects": [
        {
          "type": "default",
          "key": "",
          "mockFile": "mockdatafiles/checkAuditStatusCount-default.json"
        }
      ]
    },
    {
      "name": "alignConfigurationTemplateAllDeployments",
      "protocol": "REST",
      "method": "POST",
      "entitypath": "{base_path}/{version}/restconf/data/nsp-icm:icm/templates/{pathv1}/align-config?{query}",
      "requestSchema": "schema.json",
      "responseSchema": "schema.json",
      "timeout": 0,
      "sendEmpty": false,
      "requestDatatype": "JSON",
      "responseDatatype": "JSON",
      "headers": {},
      "responseObjects": [
        {
          "type": "default",
          "key": "",
          "mockFile": "mockdatafiles/alignConfigurationTemplateAllDeployments-default.json"
        }
      ]
    },
    {
      "name": "alignConfigurationTemplateMisalignedDeployments",
      "protocol": "REST",
      "method": "POST",
      "entitypath": "{base_path}/{version}/restconf/data/nsp-icm:icm/templates/{pathv1}/align-misaligned-config?{query}",
      "requestSchema": "schema.json",
      "responseSchema": "schema.json",
      "timeout": 0,
      "sendEmpty": false,
      "requestDatatype": "JSON",
      "responseDatatype": "JSON",
      "headers": {},
      "responseObjects": [
        {
          "type": "default",
          "key": "",
          "mockFile": "mockdatafiles/alignConfigurationTemplateMisalignedDeployments-default.json"
        }
      ]
    },
    {
      "name": "auditNodeDeployments",
      "protocol": "REST",
      "method": "POST",
      "entitypath": "{base_path}/{version}/restconf/operations/nsp-icm:ne-audit-align?{query}",
      "requestSchema": "schema.json",
      "responseSchema": "schema.json",
      "timeout": 0,
      "sendEmpty": false,
      "requestDatatype": "JSON",
      "responseDatatype": "JSON",
      "headers": {},
      "responseObjects": [
        {
          "type": "default",
          "key": "",
          "mockFile": "mockdatafiles/auditNodeDeployments-default.json"
        }
      ]
    }
  ]
}