{
  "actions": [
    {
      "name": "getIndicatorAgeoutPolicySettings",
      "protocol": "REST",
      "method": "GET",
      "entitypath": "{base_path}/{version}/restconf/data/indicators-admin:/ageout-policies/ageout-policy?{query}",
      "requestSchema": "schema.json",
      "responseSchema": "schema.json",
      "timeout": 0,
      "sendEmpty": false,
      "sendGetBody": false,
      "requestDatatype": "JSON",
      "responseDatatype": "JSON",
      "headers": {},
      "responseObjects": [
        {
          "type": "default",
          "key": "",
          "mockFile": "mockdatafiles/getIndicatorAgeoutPolicySettings-default.json"
        }
      ]
    },
    {
      "name": "updateTheRetentionTimeForIndicators",
      "protocol": "REST",
      "method": "PATCH",
      "entitypath": "{base_path}/{version}/restconf/data/indicators-admin:/ageout-policies/ageout-policy?{query}",
      "requestSchema": "schema.json",
      "responseSchema": "schema.json",
      "timeout": 0,
      "sendEmpty": false,
      "requestDatatype": "JSON",
      "responseDatatype": "JSON",
      "headers": {},
      "responseObjects": [
        {
          "type": "default",
          "key": "",
          "mockFile": ""
        }
      ]
    },
    {
      "name": "getBaselineAgeoutPolicySettings",
      "protocol": "REST",
      "method": "GET",
      "entitypath": "{base_path}/{version}/restconf/data/rtanalytics-admin:/ageout-policies/ageout-policy?{query}",
      "requestSchema": "schema.json",
      "responseSchema": "schema.json",
      "timeout": 0,
      "sendEmpty": false,
      "sendGetBody": false,
      "requestDatatype": "JSON",
      "responseDatatype": "JSON",
      "headers": {},
      "responseObjects": [
        {
          "type": "default",
          "key": "",
          "mockFile": "mockdatafiles/getBaselineAgeoutPolicySettings-default.json"
        }
      ]
    },
    {
      "name": "updateTheRetentionTimeForBaseline",
      "protocol": "REST",
      "method": "PATCH",
      "entitypath": "{base_path}/{version}/restconf/data/rtanalytics-admin:/ageout-policies?{query}",
      "requestSchema": "schema.json",
      "responseSchema": "schema.json",
      "timeout": 0,
      "sendEmpty": false,
      "requestDatatype": "JSON",
      "responseDatatype": "JSON",
      "headers": {},
      "responseObjects": [
        {
          "type": "default",
          "key": "",
          "mockFile": ""
        }
      ]
    }
  ]
}